response_rate,no_response_rate
0.358490566037736,0.610062893081761
